{"train_losses": [0.02354725891451255, 0.003985468712675482, 0.0013835564645103596, 0.0012429479277764994, 0.0010099604300319634, 0.0009777041449179423, 0.0008183010682716548, 0.0007722664974200347, 0.0006174126773940174, 0.0006120393991295714, 0.0005604206598945893, 0.0005177132565034393, 0.0004427007484552852, 0.00048172435470342895, 0.00040983283793923027, 0.00037982386355248185, 0.0003606732754068899, 0.0003645445667016561, 0.000323898413751459, 0.0002965831889265121, 0.0003249240539373894, 0.0003312012017102398, 0.0002933867442058319, 0.00027574069281399716, 0.00028831712125824635, 0.0002736462416139367, 0.00027372532249187473, 0.00029460097878121624, 0.00030384480939166426, 0.00026607678930680586, 0.00025807446933146725, 0.00027338248143897887, 0.00027449387474415087, 0.0002655818850677139, 0.00025073203474237053, 0.00027113289277245903, 0.00026009136929823056, 0.0002578809118607876, 0.00025460488108490546, 0.00025817113262370376, 0.00024891979560850123, 0.0002734787412919104, 0.0002691733860611466, 0.00025095767705352046, 0.00023065098151885745, 0.0002560816253113946, 0.00025800346344928175, 0.00024146806886008186, 0.00027293814730063753, 0.00028574090180788107, 0.00023273733965871888, 0.0002420118895503853, 0.00024433633684409493, 0.0002290565491797491, 0.0002441954334715084, 0.00024649806104646595, 0.00023622080691987728, 0.00029418330663686683, 0.0002773620796907725, 0.00022577172264924417], "val_losses": [0.008153100549298827, 0.0007053693940785403, 0.0007041399713627817, 0.0010129115783326728, 0.00032601547579924086, 0.00021947148005503031, 0.00033104055494602235, 0.00017105435628244386, 0.0002446543801939004, 0.00010254601199579026, 0.00023976029305707751, 0.00016604497211249379, 0.00023418206252418238, 0.00016414403927185396, 8.752757366892183e-05, 0.00016804608302274055, 8.638212070114346e-05, 8.481829640264291e-05, 0.0002795175144759317, 9.763437932027348e-05, 0.00011482835214424302, 0.000146510920222638, 0.0001419678405259869, 7.11917029461585e-05, 0.00011446974721842534, 7.008238407295375e-05, 7.079146286871816e-05, 0.00016924182671659982, 0.00012913880475805075, 0.00010806416364738696, 7.303383279663866e-05, 0.00010895282563675816, 6.5014085737944e-05, 6.125187584465104e-05, 9.613727940762016e-05, 0.00015774215543864383, 8.99002035285299e-05, 7.010943898508448e-05, 0.00010403674137445964, 5.882980968592511e-05, 9.583885141529165e-05, 6.831510550650169e-05, 0.0001071090603848764, 0.0001085433470853743, 4.215530944271623e-05, 6.837525190695444e-05, 6.078875629186985e-05, 0.00012298238990687032, 0.00029514393983325656, 0.00010607103346652973, 0.00012169511977671867, 0.00013050660445081857, 5.067154485177958e-05, 0.00011434584536930612, 9.273797219239419e-05, 4.5658156912915206e-05, 0.00013294781659905786, 7.327840986753082e-05, 7.282294726402532e-05, 8.574914305167372e-05], "best_val_loss": 4.215530944271623e-05, "epochs_trained": 60}